,groupname,time_per_frame,stddev,fps
0,serial,0.0263,0.3035,37.966566861324004
1,multithreaded_queue,0.0025,0.3113,402.586618810883
2,naive_mp_queue,0.0099,0.4547,100.66144269937234
3,shared_memory_array,0.0030,0.4623,333.87060284136544
4,shared_memory_array_with_pipes,0.0035,0.1097,288.994483859714
