,groupname,mean,stddev,fps
0,baseline,0.0008,0.0002,128372.00358085311
1,mp_queue,0.0142,0.0009,7028.609648397966
2,queue_module,0.0009,0.0002,115519.91719025491
