,groupname,mean,stddev,fps
0,baseline,0.0009,0.0002,113110.29664735842
1,queue_module,0.0009,0.0001,113671.432573381
2,queue_multithread_module,1.7078,0.0055,58.55484585163569
3,mp_queue,0.0140,0.0006,7132.828696508069
4,mp_queue_multiproc_benchmark,1.2625,0.0076,79.20565585537528
