,groupname,mean,stddev,fps
0,baseline,0.0088,0.0003,11391.998283983046
1,queue_module,0.0089,0.0005,11257.703459338318
2,mp_queue,0.0269,0.0013,3714.0909541329747
3,queue_multithread_module,0.017373085021972656,,57.56030081791733
4,mp_queue_multiproc_benchmark,0.009727275371551514,,102.80371037141705
